Model,Hardware,Latency (s),Energy (J),Area (mm^2),Latency Breakdown,Energy Breakdown,Area Breakdown
Transformer (base),deap_cnn,2.5807564800000002,0.09558472384512001,10.8352,"{'QKV_proj': 0.0003145728, 'Attention': 0.0002097152, 'Softmax': 2.048e-07, 'MHA_proj': 0.0001048576, 'FFN_1': 0.2147483648, 'FFN_2': 0.2147483648, 'Total_Latency': 2.5807564800000002}","{'MAC': 9.677832191999999e-05, 'DAC': 0.0051615105024, 'ADC': 1.2288000000000001e-09, 'Static': 0.090326433792, 'Total_Energy': 0.09558472384512001}","{'MAC_array': 10.24, 'PCA': 0.48, 'ADC': 0.1152, 'Total_Area': 10.8352}"
Transformer (base),gpu_a100,36.60647489361702,1830.3325510236812,15.600000000000001,"{'QKV_proj': 0.004462025531914894, 'Attention': 0.0029746836879432624, 'Softmax': 2.904964539007092e-06, 'MHA_proj': 0.0014873418439716312, 'FFN_1': 3.0460760964539007, 'FFN_2': 3.0460760964539007, 'Total_Latency': 36.60647489361702}","{'MAC': 0.009677832192, 'DAC': 0.0, 'ADC': 0.0, 'Static': 1830.3228731914892, 'Total_Energy': 1830.3325510236812}","{'MAC_array': 15.600000000000001, 'PCA': 0.0, 'ADC': 0.0, 'Total_Area': 15.600000000000001}"
Transformer (base),holylight,3.2259455999999997,0.13432831174656001,16.864,"{'QKV_proj': 0.000393216, 'Attention': 0.000262144, 'Softmax': 2.56e-07, 'MHA_proj': 0.000131072, 'FFN_1': 0.268435456, 'FFN_2': 0.268435456, 'Total_Latency': 3.2259455999999997}","{'MAC': 0.00012903776256, 'DAC': 0.0051615105024, 'ADC': 9.216e-10, 'Static': 0.12903776256000002, 'Total_Energy': 0.13432831174656001}","{'MAC_array': 16.384, 'PCA': 0.384, 'ADC': 0.096, 'Total_Area': 16.864}"
Transformer (base),lightbulb_photonic,2.5807564800000002,0.13426379271167999,30.5408,"{'QKV_proj': 0.0003145728, 'Attention': 0.0002097152, 'Softmax': 2.048e-07, 'MHA_proj': 0.0001048576, 'FFN_1': 0.2147483648, 'FFN_2': 0.2147483648, 'Total_Latency': 2.5807564800000002}","{'MAC': 6.451888128e-05, 'DAC': 0.0051615105024, 'ADC': 7.68e-10, 'Static': 0.12903776256, 'Total_Energy': 0.13426379271167999}","{'MAC_array': 29.4912, 'PCA': 0.896, 'ADC': 0.1536, 'Total_Area': 30.5408}"
Transformer (base),pidcop_small_10G,2.5807564800000002,0.14323191951359998,21.248,"{'QKV_proj': 0.0003145728, 'Attention': 0.0002097152, 'Softmax': 2.048e-07, 'MHA_proj': 0.0001048576, 'FFN_1': 0.2147483648, 'FFN_2': 0.2147483648, 'Total_Latency': 2.5807564800000002}","{'MAC': 0.0012903776256, 'DAC': 0.012903776256, 'ADC': 3.072e-09, 'Static': 0.12903776256, 'Total_Energy': 0.14323191951359998}","{'MAC_array': 20.48, 'PCA': 0.64, 'ADC': 0.128, 'Total_Area': 21.248}"
Transformer (base),pidcop_small_25G,1.0323025919999997,0.0658092619776,21.248,"{'QKV_proj': 0.00012582912, 'Attention': 8.388608e-05, 'Softmax': 8.192e-08, 'MHA_proj': 4.194304e-05, 'FFN_1': 0.08589934592, 'FFN_2': 0.08589934592, 'Total_Latency': 1.0323025919999997}","{'MAC': 0.0012903776256, 'DAC': 0.012903776256, 'ADC': 3.072e-09, 'Static': 0.051615105024, 'Total_Energy': 0.0658092619776}","{'MAC_array': 20.48, 'PCA': 0.64, 'ADC': 0.128, 'Total_Area': 21.248}"
Transformer (base),pidcop_large_10G,2.5807564800000002,0.14323191951359998,108.332,"{'QKV_proj': 0.0003145728, 'Attention': 0.0002097152, 'Softmax': 2.048e-07, 'MHA_proj': 0.0001048576, 'FFN_1': 0.2147483648, 'FFN_2': 0.2147483648, 'Total_Latency': 2.5807564800000002}","{'MAC': 0.0012903776256, 'DAC': 0.012903776256, 'ADC': 3.072e-09, 'Static': 0.12903776256, 'Total_Energy': 0.14323191951359998}","{'MAC_array': 106.58, 'PCA': 1.46, 'ADC': 0.292, 'Total_Area': 108.332}"
Transformer (base),pidcop_large_25G,1.0323025919999997,0.0658092619776,108.332,"{'QKV_proj': 0.00012582912, 'Attention': 8.388608e-05, 'Softmax': 8.192e-08, 'MHA_proj': 4.194304e-05, 'FFN_1': 0.08589934592, 'FFN_2': 0.08589934592, 'Total_Latency': 1.0323025919999997}","{'MAC': 0.0012903776256, 'DAC': 0.012903776256, 'ADC': 3.072e-09, 'Static': 0.051615105024, 'Total_Energy': 0.0658092619776}","{'MAC_array': 106.58, 'PCA': 1.46, 'ADC': 0.292, 'Total_Area': 108.332}"
Transformer (base),pidcop_asymmetric_10G,2.5807564800000002,0.14323191951359998,47.488,"{'QKV_proj': 0.0003145728, 'Attention': 0.0002097152, 'Softmax': 2.048e-07, 'MHA_proj': 0.0001048576, 'FFN_1': 0.2147483648, 'FFN_2': 0.2147483648, 'Total_Latency': 2.5807564800000002}","{'MAC': 0.0012903776256, 'DAC': 0.012903776256, 'ADC': 3.072e-09, 'Static': 0.12903776256, 'Total_Energy': 0.14323191951359998}","{'MAC_array': 46.72, 'PCA': 0.64, 'ADC': 0.128, 'Total_Area': 47.488}"
Transformer (base),pidcop_asymmetric_25G,1.0323025919999997,0.0658092619776,47.488,"{'QKV_proj': 0.00012582912, 'Attention': 8.388608e-05, 'Softmax': 8.192e-08, 'MHA_proj': 4.194304e-05, 'FFN_1': 0.08589934592, 'FFN_2': 0.08589934592, 'Total_Latency': 1.0323025919999997}","{'MAC': 0.0012903776256, 'DAC': 0.012903776256, 'ADC': 3.072e-09, 'Static': 0.051615105024, 'Total_Energy': 0.0658092619776}","{'MAC_array': 46.72, 'PCA': 0.64, 'ADC': 0.128, 'Total_Area': 47.488}"
Transformer (base),pixel_photonic,2.5807564800000002,0.08419714160639999,8.8,"{'QKV_proj': 0.0003145728, 'Attention': 0.0002097152, 'Softmax': 2.048e-07, 'MHA_proj': 0.0001048576, 'FFN_1': 0.2147483648, 'FFN_2': 0.2147483648, 'Total_Latency': 2.5807564800000002}","{'MAC': 0.0003225944064, 'DAC': 0.006451888128, 'ADC': 1.536e-09, 'Static': 0.07742265753599999, 'Total_Energy': 0.08419714160639999}","{'MAC_array': 8.192, 'PCA': 0.512, 'ADC': 0.096, 'Total_Area': 8.8}"
Transformer (base),tpu_v4,25.807564799999998,1032.3098427457537,24.576,"{'QKV_proj': 0.003145728, 'Attention': 0.002097152, 'Softmax': 2.048e-06, 'MHA_proj': 0.001048576, 'FFN_1': 2.147483648, 'FFN_2': 2.147483648, 'Total_Latency': 25.807564799999998}","{'MAC': 0.007742265753599999, 'DAC': 0.0, 'ADC': 0.0, 'Static': 1032.30210048, 'Total_Energy': 1032.3098427457537}","{'MAC_array': 24.576, 'PCA': 0.0, 'ADC': 0.0, 'Total_Area': 24.576}"
Transformer (big),deap_cnn,10.315472486400001,0.38205926793216005,10.8352,"{'QKV_proj': 0.0006291456, 'Attention': 0.0004194304, 'Softmax': 2.048e-07, 'MHA_proj': 0.0002097152, 'FFN_1': 0.8589934592, 'FFN_2': 0.8589934592, 'Total_Latency': 10.315472486400001}","{'MAC': 0.00038683017215999997, 'DAC': 0.0206309425152, 'ADC': 1.2288000000000001e-09, 'Static': 0.36104149401600005, 'Total_Energy': 0.38205926793216005}","{'MAC_array': 10.24, 'PCA': 0.48, 'ADC': 0.1152, 'Total_Area': 10.8352}"
Transformer (big),gpu_a100,146.31875867234044,7315.975745144875,15.600000000000001,"{'QKV_proj': 0.008924051063829787, 'Attention': 0.005949367375886525, 'Softmax': 2.904964539007092e-06, 'MHA_proj': 0.0029746836879432624, 'FFN_1': 12.184304385815603, 'FFN_2': 12.184304385815603, 'Total_Latency': 146.31875867234044}","{'MAC': 0.038683017216, 'DAC': 0.0, 'ADC': 0.0, 'Static': 7315.937062127659, 'Total_Energy': 7315.975745144875}","{'MAC_array': 15.600000000000001, 'PCA': 0.0, 'ADC': 0.0, 'Total_Area': 15.600000000000001}"
Transformer (big),holylight,12.894340608000002,0.5369202798796799,16.864,"{'QKV_proj': 0.000786432, 'Attention': 0.000524288, 'Softmax': 2.56e-07, 'MHA_proj': 0.000262144, 'FFN_1': 1.073741824, 'FFN_2': 1.073741824, 'Total_Latency': 12.894340608000002}","{'MAC': 0.00051577356288, 'DAC': 0.0206309425152, 'ADC': 9.216e-10, 'Static': 0.51577356288, 'Total_Energy': 0.5369202798796799}","{'MAC_array': 16.384, 'PCA': 0.384, 'ADC': 0.096, 'Total_Area': 16.864}"
Transformer (big),lightbulb_photonic,10.315472486400001,0.5366623929446401,30.5408,"{'QKV_proj': 0.0006291456, 'Attention': 0.0004194304, 'Softmax': 2.048e-07, 'MHA_proj': 0.0002097152, 'FFN_1': 0.8589934592, 'FFN_2': 0.8589934592, 'Total_Latency': 10.315472486400001}","{'MAC': 0.00025788678144, 'DAC': 0.0206309425152, 'ADC': 7.68e-10, 'Static': 0.5157735628800001, 'Total_Energy': 0.5366623929446401}","{'MAC_array': 29.4912, 'PCA': 0.896, 'ADC': 0.1536, 'Total_Area': 30.5408}"
Transformer (big),pidcop_small_10G,10.315472486400001,0.5725086578688001,21.248,"{'QKV_proj': 0.0006291456, 'Attention': 0.0004194304, 'Softmax': 2.048e-07, 'MHA_proj': 0.0002097152, 'FFN_1': 0.8589934592, 'FFN_2': 0.8589934592, 'Total_Latency': 10.315472486400001}","{'MAC': 0.0051577356288, 'DAC': 0.051577356288, 'ADC': 3.072e-09, 'Static': 0.5157735628800001, 'Total_Energy': 0.5725086578688001}","{'MAC_array': 20.48, 'PCA': 0.64, 'ADC': 0.128, 'Total_Area': 21.248}"
Transformer (big),pidcop_small_25G,4.12618899456,0.26304452014080004,21.248,"{'QKV_proj': 0.00025165824, 'Attention': 0.00016777216, 'Softmax': 8.192e-08, 'MHA_proj': 8.388608e-05, 'FFN_1': 0.34359738368, 'FFN_2': 0.34359738368, 'Total_Latency': 4.12618899456}","{'MAC': 0.0051577356288, 'DAC': 0.051577356288, 'ADC': 3.072e-09, 'Static': 0.20630942515200001, 'Total_Energy': 0.26304452014080004}","{'MAC_array': 20.48, 'PCA': 0.64, 'ADC': 0.128, 'Total_Area': 21.248}"
Transformer (big),pidcop_large_10G,10.315472486400001,0.5725086578688001,108.332,"{'QKV_proj': 0.0006291456, 'Attention': 0.0004194304, 'Softmax': 2.048e-07, 'MHA_proj': 0.0002097152, 'FFN_1': 0.8589934592, 'FFN_2': 0.8589934592, 'Total_Latency': 10.315472486400001}","{'MAC': 0.0051577356288, 'DAC': 0.051577356288, 'ADC': 3.072e-09, 'Static': 0.5157735628800001, 'Total_Energy': 0.5725086578688001}","{'MAC_array': 106.58, 'PCA': 1.46, 'ADC': 0.292, 'Total_Area': 108.332}"
Transformer (big),pidcop_large_25G,4.12618899456,0.26304452014080004,108.332,"{'QKV_proj': 0.00025165824, 'Attention': 0.00016777216, 'Softmax': 8.192e-08, 'MHA_proj': 8.388608e-05, 'FFN_1': 0.34359738368, 'FFN_2': 0.34359738368, 'Total_Latency': 4.12618899456}","{'MAC': 0.0051577356288, 'DAC': 0.051577356288, 'ADC': 3.072e-09, 'Static': 0.20630942515200001, 'Total_Energy': 0.26304452014080004}","{'MAC_array': 106.58, 'PCA': 1.46, 'ADC': 0.292, 'Total_Area': 108.332}"
Transformer (big),pidcop_asymmetric_10G,10.315472486400001,0.5725086578688001,47.488,"{'QKV_proj': 0.0006291456, 'Attention': 0.0004194304, 'Softmax': 2.048e-07, 'MHA_proj': 0.0002097152, 'FFN_1': 0.8589934592, 'FFN_2': 0.8589934592, 'Total_Latency': 10.315472486400001}","{'MAC': 0.0051577356288, 'DAC': 0.051577356288, 'ADC': 3.072e-09, 'Static': 0.5157735628800001, 'Total_Energy': 0.5725086578688001}","{'MAC_array': 46.72, 'PCA': 0.64, 'ADC': 0.128, 'Total_Area': 47.488}"
Transformer (big),pidcop_asymmetric_25G,4.12618899456,0.26304452014080004,47.488,"{'QKV_proj': 0.00025165824, 'Attention': 0.00016777216, 'Softmax': 8.192e-08, 'MHA_proj': 8.388608e-05, 'FFN_1': 0.34359738368, 'FFN_2': 0.34359738368, 'Total_Latency': 4.12618899456}","{'MAC': 0.0051577356288, 'DAC': 0.051577356288, 'ADC': 3.072e-09, 'Static': 0.20630942515200001, 'Total_Energy': 0.26304452014080004}","{'MAC_array': 46.72, 'PCA': 0.64, 'ADC': 0.128, 'Total_Area': 47.488}"
Transformer (big),pixel_photonic,10.315472486400001,0.3365422513152,8.8,"{'QKV_proj': 0.0006291456, 'Attention': 0.0004194304, 'Softmax': 2.048e-07, 'MHA_proj': 0.0002097152, 'FFN_1': 0.8589934592, 'FFN_2': 0.8589934592, 'Total_Latency': 10.315472486400001}","{'MAC': 0.0012894339072, 'DAC': 0.025788678144, 'ADC': 1.536e-09, 'Static': 0.309464137728, 'Total_Energy': 0.3365422513152}","{'MAC_array': 8.192, 'PCA': 0.512, 'ADC': 0.096, 'Total_Area': 8.8}"
Transformer (big),tpu_v4,103.15472486400002,4126.2194494537725,24.576,"{'QKV_proj': 0.006291456, 'Attention': 0.004194304, 'Softmax': 2.048e-06, 'MHA_proj': 0.002097152, 'FFN_1': 8.589934592, 'FFN_2': 8.589934592, 'Total_Latency': 103.15472486400002}","{'MAC': 0.030946413772799997, 'DAC': 0.0, 'ADC': 0.0, 'Static': 4126.18850304, 'Total_Energy': 4126.2194494537725}","{'MAC_array': 24.576, 'PCA': 0.0, 'ADC': 0.0, 'Total_Area': 24.576}"
BERT-base,deap_cnn,11.607738777599998,0.42992153640960007,10.8352,"{'QKV_proj': 0.0004718592, 'Attention': 0.0003145728, 'Softmax': 2.048e-07, 'MHA_proj': 0.0001572864, 'FFN_1': 0.4831838208, 'FFN_2': 0.4831838208, 'Total_Latency': 11.607738777599998}","{'MAC': 0.000435290112, 'DAC': 0.023215472640000002, 'ADC': 2.4576000000000003e-09, 'Static': 0.40627077120000005, 'Total_Energy': 0.42992153640960007}","{'MAC_array': 10.24, 'PCA': 0.48, 'ADC': 0.1152, 'Total_Area': 10.8352}"
BERT-base,gpu_a100,164.64877698723404,8232.480635394179,15.600000000000001,"{'QKV_proj': 0.006693038297872341, 'Attention': 0.004462025531914894, 'Softmax': 2.904964539007092e-06, 'MHA_proj': 0.002231012765957447, 'FFN_1': 6.853671217021277, 'FFN_2': 6.853671217021277, 'Total_Latency': 164.64877698723404}","{'MAC': 0.0435290112, 'DAC': 0.0, 'ADC': 0.0, 'Static': 8232.437106382979, 'Total_Energy': 8232.480635394179}","{'MAC_array': 15.600000000000001, 'PCA': 0.0, 'ADC': 0.0, 'Total_Area': 15.600000000000001}"
BERT-base,holylight,14.509673472,0.6041826772991999,16.864,"{'QKV_proj': 0.000589824, 'Attention': 0.000393216, 'Softmax': 2.56e-07, 'MHA_proj': 0.000196608, 'FFN_1': 0.603979776, 'FFN_2': 0.603979776, 'Total_Latency': 14.509673472}","{'MAC': 0.000580386816, 'DAC': 0.023215472640000002, 'ADC': 1.8432e-09, 'Static': 0.580386816, 'Total_Energy': 0.6041826772991999}","{'MAC_array': 16.384, 'PCA': 0.384, 'ADC': 0.096, 'Total_Area': 16.864}"
BERT-base,lightbulb_photonic,11.607738777599998,0.603892483584,30.5408,"{'QKV_proj': 0.0004718592, 'Attention': 0.0003145728, 'Softmax': 2.048e-07, 'MHA_proj': 0.0001572864, 'FFN_1': 0.4831838208, 'FFN_2': 0.4831838208, 'Total_Latency': 11.607738777599998}","{'MAC': 0.000290193408, 'DAC': 0.023215472640000002, 'ADC': 1.536e-09, 'Static': 0.5803868160000001, 'Total_Energy': 0.603892483584}","{'MAC_array': 29.4912, 'PCA': 0.896, 'ADC': 0.1536, 'Total_Area': 30.5408}"
BERT-base,pidcop_small_10G,11.607738777599998,0.6442293719040001,21.248,"{'QKV_proj': 0.0004718592, 'Attention': 0.0003145728, 'Softmax': 2.048e-07, 'MHA_proj': 0.0001572864, 'FFN_1': 0.4831838208, 'FFN_2': 0.4831838208, 'Total_Latency': 11.607738777599998}","{'MAC': 0.0058038681600000004, 'DAC': 0.058038681599999996, 'ADC': 6.144e-09, 'Static': 0.5803868160000001, 'Total_Energy': 0.6442293719040001}","{'MAC_array': 20.48, 'PCA': 0.64, 'ADC': 0.128, 'Total_Area': 21.248}"
BERT-base,pidcop_small_25G,4.64309551104,0.295997282304,21.248,"{'QKV_proj': 0.00018874368, 'Attention': 0.00012582912, 'Softmax': 8.192e-08, 'MHA_proj': 6.291456e-05, 'FFN_1': 0.19327352832, 'FFN_2': 0.19327352832, 'Total_Latency': 4.64309551104}","{'MAC': 0.0058038681600000004, 'DAC': 0.058038681599999996, 'ADC': 6.144e-09, 'Static': 0.2321547264, 'Total_Energy': 0.295997282304}","{'MAC_array': 20.48, 'PCA': 0.64, 'ADC': 0.128, 'Total_Area': 21.248}"
BERT-base,pidcop_large_10G,11.607738777599998,0.6442293719040001,108.332,"{'QKV_proj': 0.0004718592, 'Attention': 0.0003145728, 'Softmax': 2.048e-07, 'MHA_proj': 0.0001572864, 'FFN_1': 0.4831838208, 'FFN_2': 0.4831838208, 'Total_Latency': 11.607738777599998}","{'MAC': 0.0058038681600000004, 'DAC': 0.058038681599999996, 'ADC': 6.144e-09, 'Static': 0.5803868160000001, 'Total_Energy': 0.6442293719040001}","{'MAC_array': 106.58, 'PCA': 1.46, 'ADC': 0.292, 'Total_Area': 108.332}"
BERT-base,pidcop_large_25G,4.64309551104,0.295997282304,108.332,"{'QKV_proj': 0.00018874368, 'Attention': 0.00012582912, 'Softmax': 8.192e-08, 'MHA_proj': 6.291456e-05, 'FFN_1': 0.19327352832, 'FFN_2': 0.19327352832, 'Total_Latency': 4.64309551104}","{'MAC': 0.0058038681600000004, 'DAC': 0.058038681599999996, 'ADC': 6.144e-09, 'Static': 0.2321547264, 'Total_Energy': 0.295997282304}","{'MAC_array': 106.58, 'PCA': 1.46, 'ADC': 0.292, 'Total_Area': 108.332}"
BERT-base,pidcop_asymmetric_10G,11.607738777599998,0.6442293719040001,47.488,"{'QKV_proj': 0.0004718592, 'Attention': 0.0003145728, 'Softmax': 2.048e-07, 'MHA_proj': 0.0001572864, 'FFN_1': 0.4831838208, 'FFN_2': 0.4831838208, 'Total_Latency': 11.607738777599998}","{'MAC': 0.0058038681600000004, 'DAC': 0.058038681599999996, 'ADC': 6.144e-09, 'Static': 0.5803868160000001, 'Total_Energy': 0.6442293719040001}","{'MAC_array': 46.72, 'PCA': 0.64, 'ADC': 0.128, 'Total_Area': 47.488}"
BERT-base,pidcop_asymmetric_25G,4.64309551104,0.295997282304,47.488,"{'QKV_proj': 0.00018874368, 'Attention': 0.00012582912, 'Softmax': 8.192e-08, 'MHA_proj': 6.291456e-05, 'FFN_1': 0.19327352832, 'FFN_2': 0.19327352832, 'Total_Latency': 4.64309551104}","{'MAC': 0.0058038681600000004, 'DAC': 0.058038681599999996, 'ADC': 6.144e-09, 'Static': 0.2321547264, 'Total_Energy': 0.295997282304}","{'MAC_array': 46.72, 'PCA': 0.64, 'ADC': 0.128, 'Total_Area': 47.488}"
BERT-base,pixel_photonic,11.607738777599998,0.378702400512,8.8,"{'QKV_proj': 0.0004718592, 'Attention': 0.0003145728, 'Softmax': 2.048e-07, 'MHA_proj': 0.0001572864, 'FFN_1': 0.4831838208, 'FFN_2': 0.4831838208, 'Total_Latency': 11.607738777599998}","{'MAC': 0.0014509670400000001, 'DAC': 0.029019340799999998, 'ADC': 3.072e-09, 'Static': 0.3482320896, 'Total_Energy': 0.378702400512}","{'MAC_array': 8.192, 'PCA': 0.512, 'ADC': 0.096, 'Total_Area': 8.8}"
BERT-base,tpu_v4,116.077387776,4643.12935120896,24.576,"{'QKV_proj': 0.004718592, 'Attention': 0.003145728, 'Softmax': 2.048e-06, 'MHA_proj': 0.001572864, 'FFN_1': 4.831838208, 'FFN_2': 4.831838208, 'Total_Latency': 116.077387776}","{'MAC': 0.03482320896, 'DAC': 0.0, 'ADC': 0.0, 'Static': 4643.094528, 'Total_Energy': 4643.12935120896}","{'MAC_array': 24.576, 'PCA': 0.0, 'ADC': 0.0, 'Total_Area': 24.576}"
BERT-large,deap_cnn,41.261889945600004,1.5282370717286402,10.8352,"{'QKV_proj': 0.0006291456, 'Attention': 0.0004194304, 'Softmax': 2.048e-07, 'MHA_proj': 0.0002097152, 'FFN_1': 0.8589934592, 'FFN_2': 0.8589934592, 'Total_Latency': 41.261889945600004}","{'MAC': 0.0015473206886399999, 'DAC': 0.0825237700608, 'ADC': 4.9152000000000006e-09, 'Static': 1.4441659760640002, 'Total_Energy': 1.5282370717286402}","{'MAC_array': 10.24, 'PCA': 0.48, 'ADC': 0.1152, 'Total_Area': 10.8352}"
BERT-large,gpu_a100,585.2750346893617,29263.9029805795,15.600000000000001,"{'QKV_proj': 0.008924051063829787, 'Attention': 0.005949367375886525, 'Softmax': 2.904964539007092e-06, 'MHA_proj': 0.0029746836879432624, 'FFN_1': 12.184304385815603, 'FFN_2': 12.184304385815603, 'Total_Latency': 585.2750346893617}","{'MAC': 0.154732068864, 'DAC': 0.0, 'ADC': 0.0, 'Static': 29263.748248510637, 'Total_Energy': 29263.9029805795}","{'MAC_array': 15.600000000000001, 'PCA': 0.0, 'ADC': 0.0, 'Total_Area': 15.600000000000001}"
BERT-large,holylight,51.57736243200001,2.1476811195187198,16.864,"{'QKV_proj': 0.000786432, 'Attention': 0.000524288, 'Softmax': 2.56e-07, 'MHA_proj': 0.000262144, 'FFN_1': 1.073741824, 'FFN_2': 1.073741824, 'Total_Latency': 51.57736243200001}","{'MAC': 0.00206309425152, 'DAC': 0.0825237700608, 'ADC': 3.6864e-09, 'Static': 2.06309425152, 'Total_Energy': 2.1476811195187198}","{'MAC_array': 16.384, 'PCA': 0.384, 'ADC': 0.096, 'Total_Area': 16.864}"
BERT-large,lightbulb_photonic,41.261889945600004,2.1466495717785605,30.5408,"{'QKV_proj': 0.0006291456, 'Attention': 0.0004194304, 'Softmax': 2.048e-07, 'MHA_proj': 0.0002097152, 'FFN_1': 0.8589934592, 'FFN_2': 0.8589934592, 'Total_Latency': 41.261889945600004}","{'MAC': 0.00103154712576, 'DAC': 0.0825237700608, 'ADC': 3.072e-09, 'Static': 2.0630942515200004, 'Total_Energy': 2.1466495717785605}","{'MAC_array': 29.4912, 'PCA': 0.896, 'ADC': 0.1536, 'Total_Area': 30.5408}"
BERT-large,pidcop_small_10G,41.261889945600004,2.2900346314752005,21.248,"{'QKV_proj': 0.0006291456, 'Attention': 0.0004194304, 'Softmax': 2.048e-07, 'MHA_proj': 0.0002097152, 'FFN_1': 0.8589934592, 'FFN_2': 0.8589934592, 'Total_Latency': 41.261889945600004}","{'MAC': 0.0206309425152, 'DAC': 0.206309425152, 'ADC': 1.2288e-08, 'Static': 2.0630942515200004, 'Total_Energy': 2.2900346314752005}","{'MAC_array': 20.48, 'PCA': 0.64, 'ADC': 0.128, 'Total_Area': 21.248}"
BERT-large,pidcop_small_25G,16.50475597824,1.0521780805632002,21.248,"{'QKV_proj': 0.00025165824, 'Attention': 0.00016777216, 'Softmax': 8.192e-08, 'MHA_proj': 8.388608e-05, 'FFN_1': 0.34359738368, 'FFN_2': 0.34359738368, 'Total_Latency': 16.50475597824}","{'MAC': 0.0206309425152, 'DAC': 0.206309425152, 'ADC': 1.2288e-08, 'Static': 0.8252377006080001, 'Total_Energy': 1.0521780805632002}","{'MAC_array': 20.48, 'PCA': 0.64, 'ADC': 0.128, 'Total_Area': 21.248}"
BERT-large,pidcop_large_10G,41.261889945600004,2.2900346314752005,108.332,"{'QKV_proj': 0.0006291456, 'Attention': 0.0004194304, 'Softmax': 2.048e-07, 'MHA_proj': 0.0002097152, 'FFN_1': 0.8589934592, 'FFN_2': 0.8589934592, 'Total_Latency': 41.261889945600004}","{'MAC': 0.0206309425152, 'DAC': 0.206309425152, 'ADC': 1.2288e-08, 'Static': 2.0630942515200004, 'Total_Energy': 2.2900346314752005}","{'MAC_array': 106.58, 'PCA': 1.46, 'ADC': 0.292, 'Total_Area': 108.332}"
BERT-large,pidcop_large_25G,16.50475597824,1.0521780805632002,108.332,"{'QKV_proj': 0.00025165824, 'Attention': 0.00016777216, 'Softmax': 8.192e-08, 'MHA_proj': 8.388608e-05, 'FFN_1': 0.34359738368, 'FFN_2': 0.34359738368, 'Total_Latency': 16.50475597824}","{'MAC': 0.0206309425152, 'DAC': 0.206309425152, 'ADC': 1.2288e-08, 'Static': 0.8252377006080001, 'Total_Energy': 1.0521780805632002}","{'MAC_array': 106.58, 'PCA': 1.46, 'ADC': 0.292, 'Total_Area': 108.332}"
BERT-large,pidcop_asymmetric_10G,41.261889945600004,2.2900346314752005,47.488,"{'QKV_proj': 0.0006291456, 'Attention': 0.0004194304, 'Softmax': 2.048e-07, 'MHA_proj': 0.0002097152, 'FFN_1': 0.8589934592, 'FFN_2': 0.8589934592, 'Total_Latency': 41.261889945600004}","{'MAC': 0.0206309425152, 'DAC': 0.206309425152, 'ADC': 1.2288e-08, 'Static': 2.0630942515200004, 'Total_Energy': 2.2900346314752005}","{'MAC_array': 46.72, 'PCA': 0.64, 'ADC': 0.128, 'Total_Area': 47.488}"
BERT-large,pidcop_asymmetric_25G,16.50475597824,1.0521780805632002,47.488,"{'QKV_proj': 0.00025165824, 'Attention': 0.00016777216, 'Softmax': 8.192e-08, 'MHA_proj': 8.388608e-05, 'FFN_1': 0.34359738368, 'FFN_2': 0.34359738368, 'Total_Latency': 16.50475597824}","{'MAC': 0.0206309425152, 'DAC': 0.206309425152, 'ADC': 1.2288e-08, 'Static': 0.8252377006080001, 'Total_Energy': 1.0521780805632002}","{'MAC_array': 46.72, 'PCA': 0.64, 'ADC': 0.128, 'Total_Area': 47.488}"
BERT-large,pixel_photonic,41.261889945600004,1.3461690052608,8.8,"{'QKV_proj': 0.0006291456, 'Attention': 0.0004194304, 'Softmax': 2.048e-07, 'MHA_proj': 0.0002097152, 'FFN_1': 0.8589934592, 'FFN_2': 0.8589934592, 'Total_Latency': 41.261889945600004}","{'MAC': 0.0051577356288, 'DAC': 0.103154712576, 'ADC': 6.144e-09, 'Static': 1.237856550912, 'Total_Energy': 1.3461690052608}","{'MAC_array': 8.192, 'PCA': 0.512, 'ADC': 0.096, 'Total_Area': 8.8}"
BERT-large,tpu_v4,412.61889945600007,16504.87779781509,24.576,"{'QKV_proj': 0.006291456, 'Attention': 0.004194304, 'Softmax': 2.048e-06, 'MHA_proj': 0.002097152, 'FFN_1': 8.589934592, 'FFN_2': 8.589934592, 'Total_Latency': 412.61889945600007}","{'MAC': 0.12378565509119999, 'DAC': 0.0, 'ADC': 0.0, 'Static': 16504.75401216, 'Total_Energy': 16504.87779781509}","{'MAC_array': 24.576, 'PCA': 0.0, 'ADC': 0.0, 'Total_Area': 24.576}"
GPT-2 Large,deap_cnn,193.38678927360002,7.1625626763264005,10.8352,"{'QKV_proj': 0.001572864, 'Attention': 0.001048576, 'Softmax': 4.096e-07, 'MHA_proj': 0.000524288, 'FFN_1': 2.68435456, 'FFN_2': 2.68435456, 'Total_Latency': 193.38678927360002}","{'MAC': 0.0072520040448, 'DAC': 0.38677354905600003, 'ADC': 1.47456e-08, 'Static': 6.76853710848, 'Total_Energy': 7.1625626763264005}","{'MAC_array': 10.24, 'PCA': 0.48, 'ADC': 0.1152, 'Total_Area': 10.8352}"
GPT-2 Large,gpu_a100,2743.075025157447,137154.46600040447,15.600000000000001,"{'QKV_proj': 0.022310127659574467, 'Attention': 0.014873418439716311, 'Softmax': 5.809929078014184e-06, 'MHA_proj': 0.007436709219858156, 'FFN_1': 38.07595120567376, 'FFN_2': 38.07595120567376, 'Total_Latency': 2743.075025157447}","{'MAC': 0.72520040448, 'DAC': 0.0, 'ADC': 0.0, 'Static': 137153.7408, 'Total_Energy': 137154.46600040447}","{'MAC_array': 15.600000000000001, 'PCA': 0.0, 'ADC': 0.0, 'Total_Area': 15.600000000000001}"
GPT-2 Large,holylight,241.73348659199996,10.0657816252416,16.864,"{'QKV_proj': 0.00196608, 'Attention': 0.00131072, 'Softmax': 5.12e-07, 'MHA_proj': 0.00065536, 'FFN_1': 3.3554432, 'FFN_2': 3.3554432, 'Total_Latency': 241.73348659199996}","{'MAC': 0.0096693387264, 'DAC': 0.38677354905600003, 'ADC': 1.10592e-08, 'Static': 9.6693387264, 'Total_Energy': 10.0657816252416}","{'MAC_array': 16.384, 'PCA': 0.384, 'ADC': 0.096, 'Total_Area': 16.864}"
GPT-2 Large,lightbulb_photonic,193.38678927360002,10.060946954035199,30.5408,"{'QKV_proj': 0.001572864, 'Attention': 0.001048576, 'Softmax': 4.096e-07, 'MHA_proj': 0.000524288, 'FFN_1': 2.68435456, 'FFN_2': 2.68435456, 'Total_Latency': 193.38678927360002}","{'MAC': 0.0048346693632, 'DAC': 0.38677354905600003, 'ADC': 9.216e-09, 'Static': 9.6693387264, 'Total_Energy': 10.060946954035199}","{'MAC_array': 29.4912, 'PCA': 0.896, 'ADC': 0.1536, 'Total_Area': 30.5408}"
GPT-2 Large,pidcop_small_10G,193.38678927360002,10.732966023168,21.248,"{'QKV_proj': 0.001572864, 'Attention': 0.001048576, 'Softmax': 4.096e-07, 'MHA_proj': 0.000524288, 'FFN_1': 2.68435456, 'FFN_2': 2.68435456, 'Total_Latency': 193.38678927360002}","{'MAC': 0.09669338726400001, 'DAC': 0.96693387264, 'ADC': 3.6864e-08, 'Static': 9.6693387264, 'Total_Energy': 10.732966023168}","{'MAC_array': 20.48, 'PCA': 0.64, 'ADC': 0.128, 'Total_Area': 21.248}"
GPT-2 Large,pidcop_small_25G,77.35471570944,4.931362787328,21.248,"{'QKV_proj': 0.0006291456, 'Attention': 0.0004194304, 'Softmax': 1.6384e-07, 'MHA_proj': 0.0002097152, 'FFN_1': 1.073741824, 'FFN_2': 1.073741824, 'Total_Latency': 77.35471570944}","{'MAC': 0.09669338726400001, 'DAC': 0.96693387264, 'ADC': 3.6864e-08, 'Static': 3.86773549056, 'Total_Energy': 4.931362787328}","{'MAC_array': 20.48, 'PCA': 0.64, 'ADC': 0.128, 'Total_Area': 21.248}"
GPT-2 Large,pidcop_large_10G,193.38678927360002,10.732966023168,108.332,"{'QKV_proj': 0.001572864, 'Attention': 0.001048576, 'Softmax': 4.096e-07, 'MHA_proj': 0.000524288, 'FFN_1': 2.68435456, 'FFN_2': 2.68435456, 'Total_Latency': 193.38678927360002}","{'MAC': 0.09669338726400001, 'DAC': 0.96693387264, 'ADC': 3.6864e-08, 'Static': 9.6693387264, 'Total_Energy': 10.732966023168}","{'MAC_array': 106.58, 'PCA': 1.46, 'ADC': 0.292, 'Total_Area': 108.332}"
GPT-2 Large,pidcop_large_25G,77.35471570944,4.931362787328,108.332,"{'QKV_proj': 0.0006291456, 'Attention': 0.0004194304, 'Softmax': 1.6384e-07, 'MHA_proj': 0.0002097152, 'FFN_1': 1.073741824, 'FFN_2': 1.073741824, 'Total_Latency': 77.35471570944}","{'MAC': 0.09669338726400001, 'DAC': 0.96693387264, 'ADC': 3.6864e-08, 'Static': 3.86773549056, 'Total_Energy': 4.931362787328}","{'MAC_array': 106.58, 'PCA': 1.46, 'ADC': 0.292, 'Total_Area': 108.332}"
GPT-2 Large,pidcop_asymmetric_10G,193.38678927360002,10.732966023168,47.488,"{'QKV_proj': 0.001572864, 'Attention': 0.001048576, 'Softmax': 4.096e-07, 'MHA_proj': 0.000524288, 'FFN_1': 2.68435456, 'FFN_2': 2.68435456, 'Total_Latency': 193.38678927360002}","{'MAC': 0.09669338726400001, 'DAC': 0.96693387264, 'ADC': 3.6864e-08, 'Static': 9.6693387264, 'Total_Energy': 10.732966023168}","{'MAC_array': 46.72, 'PCA': 0.64, 'ADC': 0.128, 'Total_Area': 47.488}"
GPT-2 Large,pidcop_asymmetric_25G,77.35471570944,4.931362787328,47.488,"{'QKV_proj': 0.0006291456, 'Attention': 0.0004194304, 'Softmax': 1.6384e-07, 'MHA_proj': 0.0002097152, 'FFN_1': 1.073741824, 'FFN_2': 1.073741824, 'Total_Latency': 77.35471570944}","{'MAC': 0.09669338726400001, 'DAC': 0.96693387264, 'ADC': 3.6864e-08, 'Static': 3.86773549056, 'Total_Energy': 4.931362787328}","{'MAC_array': 46.72, 'PCA': 0.64, 'ADC': 0.128, 'Total_Area': 47.488}"
GPT-2 Large,pixel_photonic,193.38678927360002,6.309243537407999,8.8,"{'QKV_proj': 0.001572864, 'Attention': 0.001048576, 'Softmax': 4.096e-07, 'MHA_proj': 0.000524288, 'FFN_1': 2.68435456, 'FFN_2': 2.68435456, 'Total_Latency': 193.38678927360002}","{'MAC': 0.024173346816000002, 'DAC': 0.48346693632, 'ADC': 1.8432e-08, 'Static': 5.801603235839999, 'Total_Energy': 6.309243537407999}","{'MAC_array': 8.192, 'PCA': 0.512, 'ADC': 0.096, 'Total_Area': 8.8}"
GPT-2 Large,tpu_v4,1933.8678927359997,77355.28997152358,24.576,"{'QKV_proj': 0.01572864, 'Attention': 0.01048576, 'Softmax': 4.096e-06, 'MHA_proj': 0.00524288, 'FFN_1': 26.8435456, 'FFN_2': 26.8435456, 'Total_Latency': 1933.8678927359997}","{'MAC': 0.5801603235839999, 'DAC': 0.0, 'ADC': 0.0, 'Static': 77354.7098112, 'Total_Energy': 77355.28997152358}","{'MAC_array': 24.576, 'PCA': 0.0, 'ADC': 0.0, 'Total_Area': 24.576}"
GPT-3 (175B),deap_cnn,95003.6029243392,3518.695940476109,10.8352,"{'QKV_proj': 0.0301989888, 'Attention': 0.0201326592, 'Softmax': 8.192e-07, 'MHA_proj': 0.0100663296, 'FFN_1': 494.7802324992, 'FFN_2': 494.7802324992, 'Total_Latency': 95003.6029243392}","{'MAC': 3.5626351067136, 'DAC': 190.00720569139202, 'ADC': 7.864320000000001e-08, 'Static': 3325.1260995993603, 'Total_Energy': 3518.695940476109}","{'MAC_array': 10.24, 'PCA': 0.48, 'ADC': 0.1152, 'Total_Area': 10.8352}"
GPT-3 (175B),gpu_a100,1347568.8358062299,67378797.99804685,15.600000000000001,"{'QKV_proj': 0.4283544510638298, 'Attention': 0.2855696340425532, 'Softmax': 1.1619858156028369e-05, 'MHA_proj': 0.1427848170212766, 'FFN_1': 7018.159326229787, 'FFN_2': 7018.159326229787, 'Total_Latency': 1347568.8358062299}","{'MAC': 356.26351067136, 'DAC': 0.0, 'ADC': 0.0, 'Static': 67378441.73453617, 'Total_Energy': 67378797.99804685}","{'MAC_array': 15.600000000000001, 'PCA': 0.0, 'ADC': 0.0, 'Total_Area': 15.600000000000001}"
GPT-3 (175B),holylight,118754.503655424,4944.937528177459,16.864,"{'QKV_proj': 0.037748736, 'Attention': 0.025165824, 'Softmax': 1.024e-06, 'MHA_proj': 0.012582912, 'FFN_1': 618.475290624, 'FFN_2': 618.475290624, 'Total_Latency': 118754.503655424}","{'MAC': 4.7501801422848, 'DAC': 190.00720569139202, 'ADC': 5.89824e-08, 'Static': 4750.1801422848, 'Total_Energy': 4944.937528177459}","{'MAC_array': 16.384, 'PCA': 0.384, 'ADC': 0.096, 'Total_Area': 16.864}"
GPT-3 (175B),lightbulb_photonic,95003.6029243392,4942.562438096486,30.5408,"{'QKV_proj': 0.0301989888, 'Attention': 0.0201326592, 'Softmax': 8.192e-07, 'MHA_proj': 0.0100663296, 'FFN_1': 494.7802324992, 'FFN_2': 494.7802324992, 'Total_Latency': 95003.6029243392}","{'MAC': 2.3750900711424, 'DAC': 190.00720569139202, 'ADC': 4.9152e-08, 'Static': 4750.1801422848, 'Total_Energy': 4942.562438096486}","{'MAC_array': 29.4912, 'PCA': 0.896, 'ADC': 0.1536, 'Total_Area': 30.5408}"
GPT-3 (175B),pidcop_small_10G,95003.6029243392,5272.699958132736,21.248,"{'QKV_proj': 0.0301989888, 'Attention': 0.0201326592, 'Softmax': 8.192e-07, 'MHA_proj': 0.0100663296, 'FFN_1': 494.7802324992, 'FFN_2': 494.7802324992, 'Total_Latency': 95003.6029243392}","{'MAC': 47.501801422848004, 'DAC': 475.01801422848, 'ADC': 1.96608e-07, 'Static': 4750.1801422848, 'Total_Energy': 5272.699958132736}","{'MAC_array': 20.48, 'PCA': 0.64, 'ADC': 0.128, 'Total_Area': 21.248}"
GPT-3 (175B),pidcop_small_25G,38001.441169735685,2422.5918727618564,21.248,"{'QKV_proj': 0.01207959552, 'Attention': 0.00805306368, 'Softmax': 3.2768e-07, 'MHA_proj': 0.00402653184, 'FFN_1': 197.91209299968, 'FFN_2': 197.91209299968, 'Total_Latency': 38001.441169735685}","{'MAC': 47.501801422848004, 'DAC': 475.01801422848, 'ADC': 1.96608e-07, 'Static': 1900.0720569139203, 'Total_Energy': 2422.5918727618564}","{'MAC_array': 20.48, 'PCA': 0.64, 'ADC': 0.128, 'Total_Area': 21.248}"
GPT-3 (175B),pidcop_large_10G,95003.6029243392,5272.699958132736,108.332,"{'QKV_proj': 0.0301989888, 'Attention': 0.0201326592, 'Softmax': 8.192e-07, 'MHA_proj': 0.0100663296, 'FFN_1': 494.7802324992, 'FFN_2': 494.7802324992, 'Total_Latency': 95003.6029243392}","{'MAC': 47.501801422848004, 'DAC': 475.01801422848, 'ADC': 1.96608e-07, 'Static': 4750.1801422848, 'Total_Energy': 5272.699958132736}","{'MAC_array': 106.58, 'PCA': 1.46, 'ADC': 0.292, 'Total_Area': 108.332}"
GPT-3 (175B),pidcop_large_25G,38001.441169735685,2422.5918727618564,108.332,"{'QKV_proj': 0.01207959552, 'Attention': 0.00805306368, 'Softmax': 3.2768e-07, 'MHA_proj': 0.00402653184, 'FFN_1': 197.91209299968, 'FFN_2': 197.91209299968, 'Total_Latency': 38001.441169735685}","{'MAC': 47.501801422848004, 'DAC': 475.01801422848, 'ADC': 1.96608e-07, 'Static': 1900.0720569139203, 'Total_Energy': 2422.5918727618564}","{'MAC_array': 106.58, 'PCA': 1.46, 'ADC': 0.292, 'Total_Area': 108.332}"
GPT-3 (175B),pidcop_asymmetric_10G,95003.6029243392,5272.699958132736,47.488,"{'QKV_proj': 0.0301989888, 'Attention': 0.0201326592, 'Softmax': 8.192e-07, 'MHA_proj': 0.0100663296, 'FFN_1': 494.7802324992, 'FFN_2': 494.7802324992, 'Total_Latency': 95003.6029243392}","{'MAC': 47.501801422848004, 'DAC': 475.01801422848, 'ADC': 1.96608e-07, 'Static': 4750.1801422848, 'Total_Energy': 5272.699958132736}","{'MAC_array': 46.72, 'PCA': 0.64, 'ADC': 0.128, 'Total_Area': 47.488}"
GPT-3 (175B),pidcop_asymmetric_25G,38001.441169735685,2422.5918727618564,47.488,"{'QKV_proj': 0.01207959552, 'Attention': 0.00805306368, 'Softmax': 3.2768e-07, 'MHA_proj': 0.00402653184, 'FFN_1': 197.91209299968, 'FFN_2': 197.91209299968, 'Total_Latency': 38001.441169735685}","{'MAC': 47.501801422848004, 'DAC': 475.01801422848, 'ADC': 1.96608e-07, 'Static': 1900.0720569139203, 'Total_Energy': 2422.5918727618564}","{'MAC_array': 46.72, 'PCA': 0.64, 'ADC': 0.128, 'Total_Area': 47.488}"
GPT-3 (175B),pixel_photonic,95003.6029243392,3099.492542939136,8.8,"{'QKV_proj': 0.0301989888, 'Attention': 0.0201326592, 'Softmax': 8.192e-07, 'MHA_proj': 0.0100663296, 'FFN_1': 494.7802324992, 'FFN_2': 494.7802324992, 'Total_Latency': 95003.6029243392}","{'MAC': 11.875450355712001, 'DAC': 237.50900711424, 'ADC': 9.8304e-08, 'Static': 2850.10808537088, 'Total_Energy': 3099.492542939136}","{'MAC_array': 8.192, 'PCA': 0.512, 'ADC': 0.096, 'Total_Area': 8.8}"
GPT-3 (175B),tpu_v4,950036.029243392,38001726.14908694,24.576,"{'QKV_proj': 0.301989888, 'Attention': 0.201326592, 'Softmax': 8.192e-06, 'MHA_proj': 0.100663296, 'FFN_1': 4947.802324992, 'FFN_2': 4947.802324992, 'Total_Latency': 950036.029243392}","{'MAC': 285.010808537088, 'DAC': 0.0, 'ADC': 0.0, 'Static': 38001441.1382784, 'Total_Energy': 38001726.14908694}","{'MAC_array': 24.576, 'PCA': 0.0, 'ADC': 0.0, 'Total_Area': 24.576}"
T5-3B,deap_cnn,164.95694807040002,6.109592787025921,10.8352,"{'QKV_proj': 0.0006291456, 'Attention': 0.0004194304, 'Softmax': 2.048e-07, 'MHA_proj': 0.0002097152, 'FFN_1': 3.4359738368, 'FFN_2': 3.4359738368, 'Total_Latency': 164.95694807040002}","{'MAC': 0.00618588536832, 'DAC': 0.32991388631040003, 'ADC': 4.9152000000000006e-09, 'Static': 5.773493010432001, 'Total_Energy': 6.109592787025921}","{'MAC_array': 10.24, 'PCA': 0.48, 'ADC': 0.1152, 'Total_Area': 10.8352}"
T5-3B,gpu_a100,2339.8148662468084,116991.3584149198,15.600000000000001,"{'QKV_proj': 0.008924051063829787, 'Attention': 0.005949367375886525, 'Softmax': 2.904964539007092e-06, 'MHA_proj': 0.0029746836879432624, 'FFN_1': 48.73721754326241, 'FFN_2': 48.73721754326241, 'Total_Latency': 2339.8148662468084}","{'MAC': 0.618588536832, 'DAC': 0.0, 'ADC': 0.0, 'Static': 116990.73982638297, 'Total_Energy': 116991.3584149198}","{'MAC_array': 15.600000000000001, 'PCA': 0.0, 'ADC': 0.0, 'Total_Area': 15.600000000000001}"
T5-3B,holylight,206.196185088,8.586008894914562,16.864,"{'QKV_proj': 0.000786432, 'Attention': 0.000524288, 'Softmax': 2.56e-07, 'MHA_proj': 0.000262144, 'FFN_1': 4.294967296, 'FFN_2': 4.294967296, 'Total_Latency': 206.196185088}","{'MAC': 0.00824784715776, 'DAC': 0.32991388631040003, 'ADC': 3.6864e-09, 'Static': 8.24784715776, 'Total_Energy': 8.586008894914562}","{'MAC_array': 16.384, 'PCA': 0.384, 'ADC': 0.096, 'Total_Area': 16.864}"
T5-3B,lightbulb_photonic,164.95694807040002,8.58188497072128,30.5408,"{'QKV_proj': 0.0006291456, 'Attention': 0.0004194304, 'Softmax': 2.048e-07, 'MHA_proj': 0.0002097152, 'FFN_1': 3.4359738368, 'FFN_2': 3.4359738368, 'Total_Latency': 164.95694807040002}","{'MAC': 0.00412392357888, 'DAC': 0.32991388631040003, 'ADC': 3.072e-09, 'Static': 8.24784715776, 'Total_Energy': 8.58188497072128}","{'MAC_array': 29.4912, 'PCA': 0.896, 'ADC': 0.1536, 'Total_Area': 30.5408}"
T5-3B,pidcop_small_10G,164.95694807040002,9.1551103574016,21.248,"{'QKV_proj': 0.0006291456, 'Attention': 0.0004194304, 'Softmax': 2.048e-07, 'MHA_proj': 0.0002097152, 'FFN_1': 3.4359738368, 'FFN_2': 3.4359738368, 'Total_Latency': 164.95694807040002}","{'MAC': 0.08247847157760001, 'DAC': 0.824784715776, 'ADC': 1.2288e-08, 'Static': 8.24784715776, 'Total_Energy': 9.1551103574016}","{'MAC_array': 20.48, 'PCA': 0.64, 'ADC': 0.128, 'Total_Area': 21.248}"
T5-3B,pidcop_small_25G,65.98277922815998,4.2064020627456005,21.248,"{'QKV_proj': 0.00025165824, 'Attention': 0.00016777216, 'Softmax': 8.192e-08, 'MHA_proj': 8.388608e-05, 'FFN_1': 1.37438953472, 'FFN_2': 1.37438953472, 'Total_Latency': 65.98277922815998}","{'MAC': 0.08247847157760001, 'DAC': 0.824784715776, 'ADC': 1.2288e-08, 'Static': 3.2991388631040004, 'Total_Energy': 4.2064020627456005}","{'MAC_array': 20.48, 'PCA': 0.64, 'ADC': 0.128, 'Total_Area': 21.248}"
T5-3B,pidcop_large_10G,164.95694807040002,9.1551103574016,108.332,"{'QKV_proj': 0.0006291456, 'Attention': 0.0004194304, 'Softmax': 2.048e-07, 'MHA_proj': 0.0002097152, 'FFN_1': 3.4359738368, 'FFN_2': 3.4359738368, 'Total_Latency': 164.95694807040002}","{'MAC': 0.08247847157760001, 'DAC': 0.824784715776, 'ADC': 1.2288e-08, 'Static': 8.24784715776, 'Total_Energy': 9.1551103574016}","{'MAC_array': 106.58, 'PCA': 1.46, 'ADC': 0.292, 'Total_Area': 108.332}"
T5-3B,pidcop_large_25G,65.98277922815998,4.2064020627456005,108.332,"{'QKV_proj': 0.00025165824, 'Attention': 0.00016777216, 'Softmax': 8.192e-08, 'MHA_proj': 8.388608e-05, 'FFN_1': 1.37438953472, 'FFN_2': 1.37438953472, 'Total_Latency': 65.98277922815998}","{'MAC': 0.08247847157760001, 'DAC': 0.824784715776, 'ADC': 1.2288e-08, 'Static': 3.2991388631040004, 'Total_Energy': 4.2064020627456005}","{'MAC_array': 106.58, 'PCA': 1.46, 'ADC': 0.292, 'Total_Area': 108.332}"
T5-3B,pidcop_asymmetric_10G,164.95694807040002,9.1551103574016,47.488,"{'QKV_proj': 0.0006291456, 'Attention': 0.0004194304, 'Softmax': 2.048e-07, 'MHA_proj': 0.0002097152, 'FFN_1': 3.4359738368, 'FFN_2': 3.4359738368, 'Total_Latency': 164.95694807040002}","{'MAC': 0.08247847157760001, 'DAC': 0.824784715776, 'ADC': 1.2288e-08, 'Static': 8.24784715776, 'Total_Energy': 9.1551103574016}","{'MAC_array': 46.72, 'PCA': 0.64, 'ADC': 0.128, 'Total_Area': 47.488}"
T5-3B,pidcop_asymmetric_25G,65.98277922815998,4.2064020627456005,47.488,"{'QKV_proj': 0.00025165824, 'Attention': 0.00016777216, 'Softmax': 8.192e-08, 'MHA_proj': 8.388608e-05, 'FFN_1': 1.37438953472, 'FFN_2': 1.37438953472, 'Total_Latency': 65.98277922815998}","{'MAC': 0.08247847157760001, 'DAC': 0.824784715776, 'ADC': 1.2288e-08, 'Static': 3.2991388631040004, 'Total_Energy': 4.2064020627456005}","{'MAC_array': 46.72, 'PCA': 0.64, 'ADC': 0.128, 'Total_Area': 47.488}"
T5-3B,pixel_photonic,164.95694807040002,5.3817202765824,8.8,"{'QKV_proj': 0.0006291456, 'Attention': 0.0004194304, 'Softmax': 2.048e-07, 'MHA_proj': 0.0002097152, 'FFN_1': 3.4359738368, 'FFN_2': 3.4359738368, 'Total_Latency': 164.95694807040002}","{'MAC': 0.020619617894400002, 'DAC': 0.412392357888, 'ADC': 6.144e-09, 'Static': 4.948708294656, 'Total_Energy': 5.3817202765824}","{'MAC_array': 8.192, 'PCA': 0.512, 'ADC': 0.096, 'Total_Area': 8.8}"
T5-3B,tpu_v4,1649.569480704,65983.27213290946,24.576,"{'QKV_proj': 0.006291456, 'Attention': 0.004194304, 'Softmax': 2.048e-06, 'MHA_proj': 0.002097152, 'FFN_1': 34.359738368, 'FFN_2': 34.359738368, 'Total_Latency': 1649.569480704}","{'MAC': 0.49487082946559996, 'DAC': 0.0, 'ADC': 0.0, 'Static': 65982.77726208, 'Total_Energy': 65983.27213290946}","{'MAC_array': 24.576, 'PCA': 0.0, 'ADC': 0.0, 'Total_Area': 24.576}"
OPT-350M,deap_cnn,92.86191022079998,3.4393722912768006,10.8352,"{'QKV_proj': 0.0018874368, 'Attention': 0.0012582912, 'Softmax': 8.192e-07, 'MHA_proj': 0.0006291456, 'FFN_1': 1.9327352832, 'FFN_2': 1.9327352832, 'Total_Latency': 92.86191022079998}","{'MAC': 0.003482320896, 'DAC': 0.18572378112000001, 'ADC': 1.9660800000000002e-08, 'Static': 3.2501661696000004, 'Total_Energy': 3.4393722912768006}","{'MAC_array': 10.24, 'PCA': 0.48, 'ADC': 0.1152, 'Total_Area': 10.8352}"
OPT-350M,gpu_a100,1317.1902158978723,65859.84508315343,15.600000000000001,"{'QKV_proj': 0.026772153191489362, 'Attention': 0.017848102127659575, 'Softmax': 1.1619858156028369e-05, 'MHA_proj': 0.008924051063829787, 'FFN_1': 27.414684868085107, 'FFN_2': 27.414684868085107, 'Total_Latency': 1317.1902158978723}","{'MAC': 0.3482320896, 'DAC': 0.0, 'ADC': 0.0, 'Static': 65859.49685106383, 'Total_Energy': 65859.84508315343}","{'MAC_array': 15.600000000000001, 'PCA': 0.0, 'ADC': 0.0, 'Total_Area': 15.600000000000001}"
OPT-350M,holylight,116.077387776,4.8334614183935996,16.864,"{'QKV_proj': 0.002359296, 'Attention': 0.001572864, 'Softmax': 1.024e-06, 'MHA_proj': 0.000786432, 'FFN_1': 2.415919104, 'FFN_2': 2.415919104, 'Total_Latency': 116.077387776}","{'MAC': 0.004643094528, 'DAC': 0.18572378112000001, 'ADC': 1.47456e-08, 'Static': 4.643094528, 'Total_Energy': 4.8334614183935996}","{'MAC_array': 16.384, 'PCA': 0.384, 'ADC': 0.096, 'Total_Area': 16.864}"
OPT-350M,lightbulb_photonic,92.86191022079998,4.831139868672,30.5408,"{'QKV_proj': 0.0018874368, 'Attention': 0.0012582912, 'Softmax': 8.192e-07, 'MHA_proj': 0.0006291456, 'FFN_1': 1.9327352832, 'FFN_2': 1.9327352832, 'Total_Latency': 92.86191022079998}","{'MAC': 0.002321547264, 'DAC': 0.18572378112000001, 'ADC': 1.2288e-08, 'Static': 4.643094528000001, 'Total_Energy': 4.831139868672}","{'MAC_array': 29.4912, 'PCA': 0.896, 'ADC': 0.1536, 'Total_Area': 30.5408}"
OPT-350M,pidcop_small_10G,92.86191022079998,5.153834975232001,21.248,"{'QKV_proj': 0.0018874368, 'Attention': 0.0012582912, 'Softmax': 8.192e-07, 'MHA_proj': 0.0006291456, 'FFN_1': 1.9327352832, 'FFN_2': 1.9327352832, 'Total_Latency': 92.86191022079998}","{'MAC': 0.046430945280000004, 'DAC': 0.46430945279999997, 'ADC': 4.9152e-08, 'Static': 4.643094528000001, 'Total_Energy': 5.153834975232001}","{'MAC_array': 20.48, 'PCA': 0.64, 'ADC': 0.128, 'Total_Area': 21.248}"
OPT-350M,pidcop_small_25G,37.14476408832,2.367978258432,21.248,"{'QKV_proj': 0.00075497472, 'Attention': 0.00050331648, 'Softmax': 3.2768e-07, 'MHA_proj': 0.00025165824, 'FFN_1': 0.77309411328, 'FFN_2': 0.77309411328, 'Total_Latency': 37.14476408832}","{'MAC': 0.046430945280000004, 'DAC': 0.46430945279999997, 'ADC': 4.9152e-08, 'Static': 1.8572378112, 'Total_Energy': 2.367978258432}","{'MAC_array': 20.48, 'PCA': 0.64, 'ADC': 0.128, 'Total_Area': 21.248}"
OPT-350M,pidcop_large_10G,92.86191022079998,5.153834975232001,108.332,"{'QKV_proj': 0.0018874368, 'Attention': 0.0012582912, 'Softmax': 8.192e-07, 'MHA_proj': 0.0006291456, 'FFN_1': 1.9327352832, 'FFN_2': 1.9327352832, 'Total_Latency': 92.86191022079998}","{'MAC': 0.046430945280000004, 'DAC': 0.46430945279999997, 'ADC': 4.9152e-08, 'Static': 4.643094528000001, 'Total_Energy': 5.153834975232001}","{'MAC_array': 106.58, 'PCA': 1.46, 'ADC': 0.292, 'Total_Area': 108.332}"
OPT-350M,pidcop_large_25G,37.14476408832,2.367978258432,108.332,"{'QKV_proj': 0.00075497472, 'Attention': 0.00050331648, 'Softmax': 3.2768e-07, 'MHA_proj': 0.00025165824, 'FFN_1': 0.77309411328, 'FFN_2': 0.77309411328, 'Total_Latency': 37.14476408832}","{'MAC': 0.046430945280000004, 'DAC': 0.46430945279999997, 'ADC': 4.9152e-08, 'Static': 1.8572378112, 'Total_Energy': 2.367978258432}","{'MAC_array': 106.58, 'PCA': 1.46, 'ADC': 0.292, 'Total_Area': 108.332}"
OPT-350M,pidcop_asymmetric_10G,92.86191022079998,5.153834975232001,47.488,"{'QKV_proj': 0.0018874368, 'Attention': 0.0012582912, 'Softmax': 8.192e-07, 'MHA_proj': 0.0006291456, 'FFN_1': 1.9327352832, 'FFN_2': 1.9327352832, 'Total_Latency': 92.86191022079998}","{'MAC': 0.046430945280000004, 'DAC': 0.46430945279999997, 'ADC': 4.9152e-08, 'Static': 4.643094528000001, 'Total_Energy': 5.153834975232001}","{'MAC_array': 46.72, 'PCA': 0.64, 'ADC': 0.128, 'Total_Area': 47.488}"
OPT-350M,pidcop_asymmetric_25G,37.14476408832,2.367978258432,47.488,"{'QKV_proj': 0.00075497472, 'Attention': 0.00050331648, 'Softmax': 3.2768e-07, 'MHA_proj': 0.00025165824, 'FFN_1': 0.77309411328, 'FFN_2': 0.77309411328, 'Total_Latency': 37.14476408832}","{'MAC': 0.046430945280000004, 'DAC': 0.46430945279999997, 'ADC': 4.9152e-08, 'Static': 1.8572378112, 'Total_Energy': 2.367978258432}","{'MAC_array': 46.72, 'PCA': 0.64, 'ADC': 0.128, 'Total_Area': 47.488}"
OPT-350M,pixel_photonic,92.86191022079998,3.029619204096,8.8,"{'QKV_proj': 0.0018874368, 'Attention': 0.0012582912, 'Softmax': 8.192e-07, 'MHA_proj': 0.0006291456, 'FFN_1': 1.9327352832, 'FFN_2': 1.9327352832, 'Total_Latency': 92.86191022079998}","{'MAC': 0.011607736320000001, 'DAC': 0.23215472639999998, 'ADC': 2.4576e-08, 'Static': 2.7858567168, 'Total_Energy': 3.029619204096}","{'MAC_array': 8.192, 'PCA': 0.512, 'ADC': 0.096, 'Total_Area': 8.8}"
OPT-350M,tpu_v4,928.619102208,37145.03480967168,24.576,"{'QKV_proj': 0.018874368, 'Attention': 0.012582912, 'Softmax': 8.192e-06, 'MHA_proj': 0.006291456, 'FFN_1': 19.327352832, 'FFN_2': 19.327352832, 'Total_Latency': 928.619102208}","{'MAC': 0.27858567168, 'DAC': 0.0, 'ADC': 0.0, 'Static': 37144.756224, 'Total_Energy': 37145.03480967168}","{'MAC_array': 24.576, 'PCA': 0.0, 'ADC': 0.0, 'Total_Area': 24.576}"
